{
  "hash": "4044f4ca",
  "configHash": "a8709eb8",
  "lockfileHash": "c7b2ff08",
  "browserHash": "dc5fcdaf",
  "optimized": {
    "@angular/cdk/bidi": {
      "src": "../../../../../../node_modules/@angular/cdk/fesm2022/bidi.mjs",
      "file": "@angular_cdk_bidi.js",
      "fileHash": "65a49f08",
      "needsInterop": false
    },
    "@angular/cdk/scrolling": {
      "src": "../../../../../../node_modules/@angular/cdk/fesm2022/scrolling.mjs",
      "file": "@angular_cdk_scrolling.js",
      "fileHash": "7f406513",
      "needsInterop": false
    },
    "@angular/cdk/text-field": {
      "src": "../../../../../../node_modules/@angular/cdk/fesm2022/text-field.mjs",
      "file": "@angular_cdk_text-field.js",
      "fileHash": "ca0f02f6",
      "needsInterop": false
    },
    "@angular/common": {
      "src": "../../../../../../node_modules/@angular/common/fesm2022/common.mjs",
      "file": "@angular_common.js",
      "fileHash": "bb463af5",
      "needsInterop": false
    },
    "@angular/common/http": {
      "src": "../../../../../../node_modules/@angular/common/fesm2022/http.mjs",
      "file": "@angular_common_http.js",
      "fileHash": "511f774b",
      "needsInterop": false
    },
    "@angular/core": {
      "src": "../../../../../../node_modules/@angular/core/fesm2022/core.mjs",
      "file": "@angular_core.js",
      "fileHash": "fdeb9fe8",
      "needsInterop": false
    },
    "@angular/forms": {
      "src": "../../../../../../node_modules/@angular/forms/fesm2022/forms.mjs",
      "file": "@angular_forms.js",
      "fileHash": "83868fbd",
      "needsInterop": false
    },
    "@angular/material/button": {
      "src": "../../../../../../node_modules/@angular/material/fesm2022/button.mjs",
      "file": "@angular_material_button.js",
      "fileHash": "0ed58a07",
      "needsInterop": false
    },
    "@angular/material/card": {
      "src": "../../../../../../node_modules/@angular/material/fesm2022/card.mjs",
      "file": "@angular_material_card.js",
      "fileHash": "74fad9a0",
      "needsInterop": false
    },
    "@angular/material/chips": {
      "src": "../../../../../../node_modules/@angular/material/fesm2022/chips.mjs",
      "file": "@angular_material_chips.js",
      "fileHash": "a6c2c358",
      "needsInterop": false
    },
    "@angular/material/dialog": {
      "src": "../../../../../../node_modules/@angular/material/fesm2022/dialog.mjs",
      "file": "@angular_material_dialog.js",
      "fileHash": "94287458",
      "needsInterop": false
    },
    "@angular/material/divider": {
      "src": "../../../../../../node_modules/@angular/material/fesm2022/divider.mjs",
      "file": "@angular_material_divider.js",
      "fileHash": "147354b4",
      "needsInterop": false
    },
    "@angular/material/form-field": {
      "src": "../../../../../../node_modules/@angular/material/fesm2022/form-field.mjs",
      "file": "@angular_material_form-field.js",
      "fileHash": "454da468",
      "needsInterop": false
    },
    "@angular/material/icon": {
      "src": "../../../../../../node_modules/@angular/material/fesm2022/icon.mjs",
      "file": "@angular_material_icon.js",
      "fileHash": "9b55166b",
      "needsInterop": false
    },
    "@angular/material/input": {
      "src": "../../../../../../node_modules/@angular/material/fesm2022/input.mjs",
      "file": "@angular_material_input.js",
      "fileHash": "f8ab3639",
      "needsInterop": false
    },
    "@angular/material/list": {
      "src": "../../../../../../node_modules/@angular/material/fesm2022/list.mjs",
      "file": "@angular_material_list.js",
      "fileHash": "5dda042e",
      "needsInterop": false
    },
    "@angular/material/menu": {
      "src": "../../../../../../node_modules/@angular/material/fesm2022/menu.mjs",
      "file": "@angular_material_menu.js",
      "fileHash": "ea3aa753",
      "needsInterop": false
    },
    "@angular/material/progress-bar": {
      "src": "../../../../../../node_modules/@angular/material/fesm2022/progress-bar.mjs",
      "file": "@angular_material_progress-bar.js",
      "fileHash": "5fd16520",
      "needsInterop": false
    },
    "@angular/material/progress-spinner": {
      "src": "../../../../../../node_modules/@angular/material/fesm2022/progress-spinner.mjs",
      "file": "@angular_material_progress-spinner.js",
      "fileHash": "733720d3",
      "needsInterop": false
    },
    "@angular/material/select": {
      "src": "../../../../../../node_modules/@angular/material/fesm2022/select.mjs",
      "file": "@angular_material_select.js",
      "fileHash": "ce36d7f9",
      "needsInterop": false
    },
    "@angular/material/sidenav": {
      "src": "../../../../../../node_modules/@angular/material/fesm2022/sidenav.mjs",
      "file": "@angular_material_sidenav.js",
      "fileHash": "e6c3a5b3",
      "needsInterop": false
    },
    "@angular/material/snack-bar": {
      "src": "../../../../../../node_modules/@angular/material/fesm2022/snack-bar.mjs",
      "file": "@angular_material_snack-bar.js",
      "fileHash": "621aa2f6",
      "needsInterop": false
    },
    "@angular/material/table": {
      "src": "../../../../../../node_modules/@angular/material/fesm2022/table.mjs",
      "file": "@angular_material_table.js",
      "fileHash": "82492b5d",
      "needsInterop": false
    },
    "@angular/material/toolbar": {
      "src": "../../../../../../node_modules/@angular/material/fesm2022/toolbar.mjs",
      "file": "@angular_material_toolbar.js",
      "fileHash": "90a44b89",
      "needsInterop": false
    },
    "@angular/material/tooltip": {
      "src": "../../../../../../node_modules/@angular/material/fesm2022/tooltip.mjs",
      "file": "@angular_material_tooltip.js",
      "fileHash": "de740403",
      "needsInterop": false
    },
    "@angular/platform-browser": {
      "src": "../../../../../../node_modules/@angular/platform-browser/fesm2022/platform-browser.mjs",
      "file": "@angular_platform-browser.js",
      "fileHash": "99b71387",
      "needsInterop": false
    },
    "@angular/platform-browser/animations": {
      "src": "../../../../../../node_modules/@angular/platform-browser/fesm2022/animations.mjs",
      "file": "@angular_platform-browser_animations.js",
      "fileHash": "a1de9e7f",
      "needsInterop": false
    },
    "@angular/platform-server/init": {
      "src": "../../../../../../node_modules/@angular/platform-server/fesm2022/init.mjs",
      "file": "@angular_platform-server_init.js",
      "fileHash": "97e764d8",
      "needsInterop": false
    },
    "@angular/router": {
      "src": "../../../../../../node_modules/@angular/router/fesm2022/router.mjs",
      "file": "@angular_router.js",
      "fileHash": "260d2dfd",
      "needsInterop": false
    },
    "@angular/ssr": {
      "src": "../../../../../../node_modules/@angular/ssr/fesm2022/ssr.mjs",
      "file": "@angular_ssr.js",
      "fileHash": "41f1ce92",
      "needsInterop": false
    },
    "@angular/ssr/node": {
      "src": "../../../../../../node_modules/@angular/ssr/fesm2022/node.mjs",
      "file": "@angular_ssr_node.js",
      "fileHash": "b4f7ef66",
      "needsInterop": false
    },
    "express": {
      "src": "../../../../../../node_modules/express/index.js",
      "file": "express.js",
      "fileHash": "a0829340",
      "needsInterop": true
    },
    "pdfmake/build/pdfmake": {
      "src": "../../../../../../node_modules/pdfmake/build/pdfmake.js",
      "file": "pdfmake_build_pdfmake.js",
      "fileHash": "9050a25d",
      "needsInterop": true
    },
    "pdfmake/build/vfs_fonts": {
      "src": "../../../../../../node_modules/pdfmake/build/vfs_fonts.js",
      "file": "pdfmake_build_vfs_fonts.js",
      "fileHash": "e593fcb5",
      "needsInterop": true
    },
    "rxjs": {
      "src": "../../../../../../node_modules/rxjs/dist/cjs/index.js",
      "file": "rxjs.js",
      "fileHash": "055d1824",
      "needsInterop": true
    },
    "rxjs/operators": {
      "src": "../../../../../../node_modules/rxjs/dist/cjs/operators/index.js",
      "file": "rxjs_operators.js",
      "fileHash": "33a564af",
      "needsInterop": true
    }
  },
  "chunks": {
    "xhr2-E5RTESSH": {
      "file": "xhr2-E5RTESSH.js"
    },
    "chunk-2L7QWO54": {
      "file": "chunk-2L7QWO54.js"
    },
    "chunk-PEVZEAGI": {
      "file": "chunk-PEVZEAGI.js"
    },
    "chunk-DKC7R6FQ": {
      "file": "chunk-DKC7R6FQ.js"
    },
    "chunk-G4LNENJM": {
      "file": "chunk-G4LNENJM.js"
    },
    "chunk-NUK6Y7KG": {
      "file": "chunk-NUK6Y7KG.js"
    },
    "chunk-QCXEVFIB": {
      "file": "chunk-QCXEVFIB.js"
    },
    "chunk-GSJJUDNJ": {
      "file": "chunk-GSJJUDNJ.js"
    },
    "chunk-5X5XGLWD": {
      "file": "chunk-5X5XGLWD.js"
    },
    "chunk-D7J7W4HB": {
      "file": "chunk-D7J7W4HB.js"
    },
    "chunk-JPATZIRF": {
      "file": "chunk-JPATZIRF.js"
    },
    "chunk-74WRI6RF": {
      "file": "chunk-74WRI6RF.js"
    },
    "chunk-BCMZLCJR": {
      "file": "chunk-BCMZLCJR.js"
    },
    "chunk-FAN2XAZ6": {
      "file": "chunk-FAN2XAZ6.js"
    },
    "chunk-JWAVXSH6": {
      "file": "chunk-JWAVXSH6.js"
    },
    "chunk-OEBS4DOM": {
      "file": "chunk-OEBS4DOM.js"
    },
    "chunk-O37F2MTI": {
      "file": "chunk-O37F2MTI.js"
    },
    "chunk-P6H3H5R4": {
      "file": "chunk-P6H3H5R4.js"
    },
    "chunk-LCGY34VZ": {
      "file": "chunk-LCGY34VZ.js"
    },
    "chunk-OJLU6N25": {
      "file": "chunk-OJLU6N25.js"
    },
    "chunk-7MK3A7NQ": {
      "file": "chunk-7MK3A7NQ.js"
    },
    "chunk-DWIKMVUO": {
      "file": "chunk-DWIKMVUO.js"
    },
    "chunk-5XYFHA5V": {
      "file": "chunk-5XYFHA5V.js"
    },
    "chunk-QJVLQKZV": {
      "file": "chunk-QJVLQKZV.js"
    },
    "chunk-4NRDWZRV": {
      "file": "chunk-4NRDWZRV.js"
    },
    "chunk-4PAUT5ZW": {
      "file": "chunk-4PAUT5ZW.js"
    },
    "chunk-IIXO7YIU": {
      "file": "chunk-IIXO7YIU.js"
    },
    "chunk-HXFVV2UZ": {
      "file": "chunk-HXFVV2UZ.js"
    },
    "chunk-BOPLBW73": {
      "file": "chunk-BOPLBW73.js"
    },
    "chunk-3MWYMNVP": {
      "file": "chunk-3MWYMNVP.js"
    },
    "chunk-ZVWDWOQO": {
      "file": "chunk-ZVWDWOQO.js"
    },
    "chunk-LJYIMYAW": {
      "file": "chunk-LJYIMYAW.js"
    },
    "chunk-C27DBZK2": {
      "file": "chunk-C27DBZK2.js"
    },
    "chunk-2UVUUPPC": {
      "file": "chunk-2UVUUPPC.js"
    },
    "chunk-K54IFBYX": {
      "file": "chunk-K54IFBYX.js"
    },
    "chunk-6DU2HRTW": {
      "file": "chunk-6DU2HRTW.js"
    }
  }
}