{
  "hash": "b250a161",
  "configHash": "97f582f7",
  "lockfileHash": "326291f6",
  "browserHash": "88bdd884",
  "optimized": {
    "@angular/cdk/bidi": {
      "src": "../../../../../../node_modules/@angular/cdk/fesm2022/bidi.mjs",
      "file": "@angular_cdk_bidi.js",
      "fileHash": "e62b3fb7",
      "needsInterop": false
    },
    "@angular/cdk/scrolling": {
      "src": "../../../../../../node_modules/@angular/cdk/fesm2022/scrolling.mjs",
      "file": "@angular_cdk_scrolling.js",
      "fileHash": "fa436143",
      "needsInterop": false
    },
    "@angular/cdk/text-field": {
      "src": "../../../../../../node_modules/@angular/cdk/fesm2022/text-field.mjs",
      "file": "@angular_cdk_text-field.js",
      "fileHash": "bae2f2bc",
      "needsInterop": false
    },
    "@angular/common": {
      "src": "../../../../../../node_modules/@angular/common/fesm2022/common.mjs",
      "file": "@angular_common.js",
      "fileHash": "d4e6da07",
      "needsInterop": false
    },
    "@angular/common/http": {
      "src": "../../../../../../node_modules/@angular/common/fesm2022/http.mjs",
      "file": "@angular_common_http.js",
      "fileHash": "a610519e",
      "needsInterop": false
    },
    "@angular/core": {
      "src": "../../../../../../node_modules/@angular/core/fesm2022/core.mjs",
      "file": "@angular_core.js",
      "fileHash": "ddcc35c1",
      "needsInterop": false
    },
    "@angular/forms": {
      "src": "../../../../../../node_modules/@angular/forms/fesm2022/forms.mjs",
      "file": "@angular_forms.js",
      "fileHash": "5d765c95",
      "needsInterop": false
    },
    "@angular/material/button": {
      "src": "../../../../../../node_modules/@angular/material/fesm2022/button.mjs",
      "file": "@angular_material_button.js",
      "fileHash": "79018cab",
      "needsInterop": false
    },
    "@angular/material/card": {
      "src": "../../../../../../node_modules/@angular/material/fesm2022/card.mjs",
      "file": "@angular_material_card.js",
      "fileHash": "5e075a98",
      "needsInterop": false
    },
    "@angular/material/chips": {
      "src": "../../../../../../node_modules/@angular/material/fesm2022/chips.mjs",
      "file": "@angular_material_chips.js",
      "fileHash": "7a175464",
      "needsInterop": false
    },
    "@angular/material/dialog": {
      "src": "../../../../../../node_modules/@angular/material/fesm2022/dialog.mjs",
      "file": "@angular_material_dialog.js",
      "fileHash": "dfba09f1",
      "needsInterop": false
    },
    "@angular/material/divider": {
      "src": "../../../../../../node_modules/@angular/material/fesm2022/divider.mjs",
      "file": "@angular_material_divider.js",
      "fileHash": "824767d1",
      "needsInterop": false
    },
    "@angular/material/form-field": {
      "src": "../../../../../../node_modules/@angular/material/fesm2022/form-field.mjs",
      "file": "@angular_material_form-field.js",
      "fileHash": "e5f8487c",
      "needsInterop": false
    },
    "@angular/material/icon": {
      "src": "../../../../../../node_modules/@angular/material/fesm2022/icon.mjs",
      "file": "@angular_material_icon.js",
      "fileHash": "838aa3e4",
      "needsInterop": false
    },
    "@angular/material/input": {
      "src": "../../../../../../node_modules/@angular/material/fesm2022/input.mjs",
      "file": "@angular_material_input.js",
      "fileHash": "9e0b1ba1",
      "needsInterop": false
    },
    "@angular/material/list": {
      "src": "../../../../../../node_modules/@angular/material/fesm2022/list.mjs",
      "file": "@angular_material_list.js",
      "fileHash": "2547ef3a",
      "needsInterop": false
    },
    "@angular/material/menu": {
      "src": "../../../../../../node_modules/@angular/material/fesm2022/menu.mjs",
      "file": "@angular_material_menu.js",
      "fileHash": "88cdc802",
      "needsInterop": false
    },
    "@angular/material/paginator": {
      "src": "../../../../../../node_modules/@angular/material/fesm2022/paginator.mjs",
      "file": "@angular_material_paginator.js",
      "fileHash": "62e9139a",
      "needsInterop": false
    },
    "@angular/material/progress-bar": {
      "src": "../../../../../../node_modules/@angular/material/fesm2022/progress-bar.mjs",
      "file": "@angular_material_progress-bar.js",
      "fileHash": "9e170edb",
      "needsInterop": false
    },
    "@angular/material/progress-spinner": {
      "src": "../../../../../../node_modules/@angular/material/fesm2022/progress-spinner.mjs",
      "file": "@angular_material_progress-spinner.js",
      "fileHash": "d7dee002",
      "needsInterop": false
    },
    "@angular/material/select": {
      "src": "../../../../../../node_modules/@angular/material/fesm2022/select.mjs",
      "file": "@angular_material_select.js",
      "fileHash": "69abd745",
      "needsInterop": false
    },
    "@angular/material/sidenav": {
      "src": "../../../../../../node_modules/@angular/material/fesm2022/sidenav.mjs",
      "file": "@angular_material_sidenav.js",
      "fileHash": "25f974a3",
      "needsInterop": false
    },
    "@angular/material/snack-bar": {
      "src": "../../../../../../node_modules/@angular/material/fesm2022/snack-bar.mjs",
      "file": "@angular_material_snack-bar.js",
      "fileHash": "512f27fb",
      "needsInterop": false
    },
    "@angular/material/sort": {
      "src": "../../../../../../node_modules/@angular/material/fesm2022/sort.mjs",
      "file": "@angular_material_sort.js",
      "fileHash": "3546e6e3",
      "needsInterop": false
    },
    "@angular/material/table": {
      "src": "../../../../../../node_modules/@angular/material/fesm2022/table.mjs",
      "file": "@angular_material_table.js",
      "fileHash": "ce6a38bd",
      "needsInterop": false
    },
    "@angular/material/toolbar": {
      "src": "../../../../../../node_modules/@angular/material/fesm2022/toolbar.mjs",
      "file": "@angular_material_toolbar.js",
      "fileHash": "dc47f6f3",
      "needsInterop": false
    },
    "@angular/material/tooltip": {
      "src": "../../../../../../node_modules/@angular/material/fesm2022/tooltip.mjs",
      "file": "@angular_material_tooltip.js",
      "fileHash": "c3eee0b1",
      "needsInterop": false
    },
    "@angular/platform-browser": {
      "src": "../../../../../../node_modules/@angular/platform-browser/fesm2022/platform-browser.mjs",
      "file": "@angular_platform-browser.js",
      "fileHash": "d134cda5",
      "needsInterop": false
    },
    "@angular/platform-browser/animations": {
      "src": "../../../../../../node_modules/@angular/platform-browser/fesm2022/animations.mjs",
      "file": "@angular_platform-browser_animations.js",
      "fileHash": "0a094a51",
      "needsInterop": false
    },
    "@angular/platform-server/init": {
      "src": "../../../../../../node_modules/@angular/platform-server/fesm2022/init.mjs",
      "file": "@angular_platform-server_init.js",
      "fileHash": "8547a2a1",
      "needsInterop": false
    },
    "@angular/router": {
      "src": "../../../../../../node_modules/@angular/router/fesm2022/router.mjs",
      "file": "@angular_router.js",
      "fileHash": "d57b0a86",
      "needsInterop": false
    },
    "@angular/ssr": {
      "src": "../../../../../../node_modules/@angular/ssr/fesm2022/ssr.mjs",
      "file": "@angular_ssr.js",
      "fileHash": "01797818",
      "needsInterop": false
    },
    "@angular/ssr/node": {
      "src": "../../../../../../node_modules/@angular/ssr/fesm2022/node.mjs",
      "file": "@angular_ssr_node.js",
      "fileHash": "3f596e44",
      "needsInterop": false
    },
    "chart.js": {
      "src": "../../../../../../node_modules/chart.js/dist/chart.js",
      "file": "chart__js.js",
      "fileHash": "2464e339",
      "needsInterop": false
    },
    "express": {
      "src": "../../../../../../node_modules/express/index.js",
      "file": "express.js",
      "fileHash": "305e75d7",
      "needsInterop": true
    },
    "pdfmake/build/pdfmake": {
      "src": "../../../../../../node_modules/pdfmake/build/pdfmake.js",
      "file": "pdfmake_build_pdfmake.js",
      "fileHash": "db2bb0f7",
      "needsInterop": true
    },
    "pdfmake/build/vfs_fonts": {
      "src": "../../../../../../node_modules/pdfmake/build/vfs_fonts.js",
      "file": "pdfmake_build_vfs_fonts.js",
      "fileHash": "7e7b5f57",
      "needsInterop": true
    },
    "rxjs": {
      "src": "../../../../../../node_modules/rxjs/dist/cjs/index.js",
      "file": "rxjs.js",
      "fileHash": "c4cc7a0c",
      "needsInterop": true
    },
    "rxjs/operators": {
      "src": "../../../../../../node_modules/rxjs/dist/cjs/operators/index.js",
      "file": "rxjs_operators.js",
      "fileHash": "f2a141bd",
      "needsInterop": true
    },
    "sweetalert2": {
      "src": "../../../../../../node_modules/sweetalert2/dist/sweetalert2.esm.all.js",
      "file": "sweetalert2.js",
      "fileHash": "e7394bdc",
      "needsInterop": false
    }
  },
  "chunks": {
    "xhr2-E5RTESSH": {
      "file": "xhr2-E5RTESSH.js"
    },
    "chunk-AKGH7EYL": {
      "file": "chunk-AKGH7EYL.js"
    },
    "chunk-LFAKI4HM": {
      "file": "chunk-LFAKI4HM.js"
    },
    "chunk-7JVX3U2X": {
      "file": "chunk-7JVX3U2X.js"
    },
    "chunk-T5TRPLYN": {
      "file": "chunk-T5TRPLYN.js"
    },
    "chunk-2MD5TRH4": {
      "file": "chunk-2MD5TRH4.js"
    },
    "chunk-V6TM3LBF": {
      "file": "chunk-V6TM3LBF.js"
    },
    "chunk-HISQRUNM": {
      "file": "chunk-HISQRUNM.js"
    },
    "chunk-4IFMB2ZQ": {
      "file": "chunk-4IFMB2ZQ.js"
    },
    "chunk-EST4KDRE": {
      "file": "chunk-EST4KDRE.js"
    },
    "chunk-TWXYII2I": {
      "file": "chunk-TWXYII2I.js"
    },
    "chunk-KZ5AFOQJ": {
      "file": "chunk-KZ5AFOQJ.js"
    },
    "chunk-Y53AMAUH": {
      "file": "chunk-Y53AMAUH.js"
    },
    "chunk-POIKKKMR": {
      "file": "chunk-POIKKKMR.js"
    },
    "chunk-46Q7GKEJ": {
      "file": "chunk-46Q7GKEJ.js"
    },
    "chunk-M56S3V3T": {
      "file": "chunk-M56S3V3T.js"
    },
    "chunk-DVB6DM6J": {
      "file": "chunk-DVB6DM6J.js"
    },
    "chunk-IBJIYPY3": {
      "file": "chunk-IBJIYPY3.js"
    },
    "chunk-5XYFHA5V": {
      "file": "chunk-5XYFHA5V.js"
    },
    "chunk-IPG5ENZ5": {
      "file": "chunk-IPG5ENZ5.js"
    },
    "chunk-3MGAQSWV": {
      "file": "chunk-3MGAQSWV.js"
    },
    "chunk-AWMDAGIJ": {
      "file": "chunk-AWMDAGIJ.js"
    },
    "chunk-VWEC6TKY": {
      "file": "chunk-VWEC6TKY.js"
    },
    "chunk-U2KH76BG": {
      "file": "chunk-U2KH76BG.js"
    },
    "chunk-4NRDWZRV": {
      "file": "chunk-4NRDWZRV.js"
    },
    "chunk-5CFRV5XA": {
      "file": "chunk-5CFRV5XA.js"
    },
    "chunk-NQWMCJTZ": {
      "file": "chunk-NQWMCJTZ.js"
    },
    "chunk-QJVLQKZV": {
      "file": "chunk-QJVLQKZV.js"
    },
    "chunk-ODYX3DR4": {
      "file": "chunk-ODYX3DR4.js"
    },
    "chunk-WRULZO5C": {
      "file": "chunk-WRULZO5C.js"
    },
    "chunk-QAGZQHUI": {
      "file": "chunk-QAGZQHUI.js"
    },
    "chunk-4VHHS2NW": {
      "file": "chunk-4VHHS2NW.js"
    },
    "chunk-DAQKJJRP": {
      "file": "chunk-DAQKJJRP.js"
    },
    "chunk-ZVWDWOQO": {
      "file": "chunk-ZVWDWOQO.js"
    },
    "chunk-WV253EFK": {
      "file": "chunk-WV253EFK.js"
    },
    "chunk-2UVUUPPC": {
      "file": "chunk-2UVUUPPC.js"
    },
    "chunk-C27DBZK2": {
      "file": "chunk-C27DBZK2.js"
    },
    "chunk-K54IFBYX": {
      "file": "chunk-K54IFBYX.js"
    },
    "chunk-6DU2HRTW": {
      "file": "chunk-6DU2HRTW.js"
    }
  }
}