{
  "hash": "2ca14ebe",
  "configHash": "67b2c5af",
  "lockfileHash": "d9d2e57a",
  "browserHash": "e4d76cc3",
  "optimized": {
    "@angular/cdk/bidi": {
      "src": "../../../../../../node_modules/@angular/cdk/fesm2022/bidi.mjs",
      "file": "@angular_cdk_bidi.js",
      "fileHash": "c856f3f6",
      "needsInterop": false
    },
    "@angular/cdk/scrolling": {
      "src": "../../../../../../node_modules/@angular/cdk/fesm2022/scrolling.mjs",
      "file": "@angular_cdk_scrolling.js",
      "fileHash": "dc399254",
      "needsInterop": false
    },
    "@angular/cdk/text-field": {
      "src": "../../../../../../node_modules/@angular/cdk/fesm2022/text-field.mjs",
      "file": "@angular_cdk_text-field.js",
      "fileHash": "20169fd2",
      "needsInterop": false
    },
    "@angular/common": {
      "src": "../../../../../../node_modules/@angular/common/fesm2022/common.mjs",
      "file": "@angular_common.js",
      "fileHash": "04ac3b25",
      "needsInterop": false
    },
    "@angular/common/http": {
      "src": "../../../../../../node_modules/@angular/common/fesm2022/http.mjs",
      "file": "@angular_common_http.js",
      "fileHash": "33e0dd8b",
      "needsInterop": false
    },
    "@angular/core": {
      "src": "../../../../../../node_modules/@angular/core/fesm2022/core.mjs",
      "file": "@angular_core.js",
      "fileHash": "08b3d484",
      "needsInterop": false
    },
    "@angular/forms": {
      "src": "../../../../../../node_modules/@angular/forms/fesm2022/forms.mjs",
      "file": "@angular_forms.js",
      "fileHash": "2ecb4c99",
      "needsInterop": false
    },
    "@angular/material/button": {
      "src": "../../../../../../node_modules/@angular/material/fesm2022/button.mjs",
      "file": "@angular_material_button.js",
      "fileHash": "d17898ab",
      "needsInterop": false
    },
    "@angular/material/card": {
      "src": "../../../../../../node_modules/@angular/material/fesm2022/card.mjs",
      "file": "@angular_material_card.js",
      "fileHash": "7554abef",
      "needsInterop": false
    },
    "@angular/material/dialog": {
      "src": "../../../../../../node_modules/@angular/material/fesm2022/dialog.mjs",
      "file": "@angular_material_dialog.js",
      "fileHash": "2057ecaf",
      "needsInterop": false
    },
    "@angular/material/form-field": {
      "src": "../../../../../../node_modules/@angular/material/fesm2022/form-field.mjs",
      "file": "@angular_material_form-field.js",
      "fileHash": "a14a4153",
      "needsInterop": false
    },
    "@angular/material/icon": {
      "src": "../../../../../../node_modules/@angular/material/fesm2022/icon.mjs",
      "file": "@angular_material_icon.js",
      "fileHash": "8a025100",
      "needsInterop": false
    },
    "@angular/material/input": {
      "src": "../../../../../../node_modules/@angular/material/fesm2022/input.mjs",
      "file": "@angular_material_input.js",
      "fileHash": "a20b98d0",
      "needsInterop": false
    },
    "@angular/material/list": {
      "src": "../../../../../../node_modules/@angular/material/fesm2022/list.mjs",
      "file": "@angular_material_list.js",
      "fileHash": "7bfae8b7",
      "needsInterop": false
    },
    "@angular/material/progress-bar": {
      "src": "../../../../../../node_modules/@angular/material/fesm2022/progress-bar.mjs",
      "file": "@angular_material_progress-bar.js",
      "fileHash": "33db2e21",
      "needsInterop": false
    },
    "@angular/material/progress-spinner": {
      "src": "../../../../../../node_modules/@angular/material/fesm2022/progress-spinner.mjs",
      "file": "@angular_material_progress-spinner.js",
      "fileHash": "e97c65b7",
      "needsInterop": false
    },
    "@angular/material/select": {
      "src": "../../../../../../node_modules/@angular/material/fesm2022/select.mjs",
      "file": "@angular_material_select.js",
      "fileHash": "fe5e63cb",
      "needsInterop": false
    },
    "@angular/material/sidenav": {
      "src": "../../../../../../node_modules/@angular/material/fesm2022/sidenav.mjs",
      "file": "@angular_material_sidenav.js",
      "fileHash": "a6a2e11c",
      "needsInterop": false
    },
    "@angular/material/snack-bar": {
      "src": "../../../../../../node_modules/@angular/material/fesm2022/snack-bar.mjs",
      "file": "@angular_material_snack-bar.js",
      "fileHash": "50a1bd62",
      "needsInterop": false
    },
    "@angular/material/table": {
      "src": "../../../../../../node_modules/@angular/material/fesm2022/table.mjs",
      "file": "@angular_material_table.js",
      "fileHash": "9d4a427b",
      "needsInterop": false
    },
    "@angular/material/toolbar": {
      "src": "../../../../../../node_modules/@angular/material/fesm2022/toolbar.mjs",
      "file": "@angular_material_toolbar.js",
      "fileHash": "21ca61ab",
      "needsInterop": false
    },
    "@angular/material/tooltip": {
      "src": "../../../../../../node_modules/@angular/material/fesm2022/tooltip.mjs",
      "file": "@angular_material_tooltip.js",
      "fileHash": "e0423d9d",
      "needsInterop": false
    },
    "@angular/platform-browser": {
      "src": "../../../../../../node_modules/@angular/platform-browser/fesm2022/platform-browser.mjs",
      "file": "@angular_platform-browser.js",
      "fileHash": "118f3e8b",
      "needsInterop": false
    },
    "@angular/platform-browser/animations": {
      "src": "../../../../../../node_modules/@angular/platform-browser/fesm2022/animations.mjs",
      "file": "@angular_platform-browser_animations.js",
      "fileHash": "d929f891",
      "needsInterop": false
    },
    "@angular/router": {
      "src": "../../../../../../node_modules/@angular/router/fesm2022/router.mjs",
      "file": "@angular_router.js",
      "fileHash": "996973f4",
      "needsInterop": false
    },
    "rxjs": {
      "src": "../../../../../../node_modules/rxjs/dist/esm5/index.js",
      "file": "rxjs.js",
      "fileHash": "bf5f4348",
      "needsInterop": false
    },
    "rxjs/operators": {
      "src": "../../../../../../node_modules/rxjs/dist/esm5/operators/index.js",
      "file": "rxjs_operators.js",
      "fileHash": "7f09e439",
      "needsInterop": false
    },
    "@angular/material/divider": {
      "src": "../../../../../../node_modules/@angular/material/fesm2022/divider.mjs",
      "file": "@angular_material_divider.js",
      "fileHash": "12572b0c",
      "needsInterop": false
    },
    "@angular/material/menu": {
      "src": "../../../../../../node_modules/@angular/material/fesm2022/menu.mjs",
      "file": "@angular_material_menu.js",
      "fileHash": "4b23e995",
      "needsInterop": false
    },
    "@angular/material/chips": {
      "src": "../../../../../../node_modules/@angular/material/fesm2022/chips.mjs",
      "file": "@angular_material_chips.js",
      "fileHash": "666ebaa4",
      "needsInterop": false
    }
  },
  "chunks": {
    "chunk-2ETZMPKW": {
      "file": "chunk-2ETZMPKW.js"
    },
    "chunk-OYEDFT4D": {
      "file": "chunk-OYEDFT4D.js"
    },
    "chunk-I3TNG4JN": {
      "file": "chunk-I3TNG4JN.js"
    },
    "chunk-Z7MH7X3L": {
      "file": "chunk-Z7MH7X3L.js"
    },
    "chunk-ZITT4TF7": {
      "file": "chunk-ZITT4TF7.js"
    },
    "chunk-BLFGFMKH": {
      "file": "chunk-BLFGFMKH.js"
    },
    "chunk-ZFK3DEGW": {
      "file": "chunk-ZFK3DEGW.js"
    },
    "chunk-TNPGH6DL": {
      "file": "chunk-TNPGH6DL.js"
    },
    "chunk-TNBYDSSZ": {
      "file": "chunk-TNBYDSSZ.js"
    },
    "chunk-MRROSSQO": {
      "file": "chunk-MRROSSQO.js"
    },
    "chunk-TSKZLVW2": {
      "file": "chunk-TSKZLVW2.js"
    },
    "chunk-4DQ6J3JR": {
      "file": "chunk-4DQ6J3JR.js"
    },
    "chunk-N2HV6UOQ": {
      "file": "chunk-N2HV6UOQ.js"
    },
    "chunk-DLTD45US": {
      "file": "chunk-DLTD45US.js"
    },
    "chunk-46HAYV32": {
      "file": "chunk-46HAYV32.js"
    },
    "chunk-VENV3F3G": {
      "file": "chunk-VENV3F3G.js"
    },
    "chunk-Y34V5OLZ": {
      "file": "chunk-Y34V5OLZ.js"
    },
    "chunk-GA4FFLKH": {
      "file": "chunk-GA4FFLKH.js"
    },
    "chunk-NN2SBFCJ": {
      "file": "chunk-NN2SBFCJ.js"
    },
    "chunk-5EG33CFQ": {
      "file": "chunk-5EG33CFQ.js"
    },
    "chunk-TGRN6OED": {
      "file": "chunk-TGRN6OED.js"
    },
    "chunk-WJF5463P": {
      "file": "chunk-WJF5463P.js"
    },
    "chunk-KTGUJMF3": {
      "file": "chunk-KTGUJMF3.js"
    },
    "chunk-GJY2IV3Z": {
      "file": "chunk-GJY2IV3Z.js"
    },
    "chunk-QCUM73UZ": {
      "file": "chunk-QCUM73UZ.js"
    },
    "chunk-WYHAYJBG": {
      "file": "chunk-WYHAYJBG.js"
    },
    "chunk-UZXCIBZ7": {
      "file": "chunk-UZXCIBZ7.js"
    },
    "chunk-YLHXK2KV": {
      "file": "chunk-YLHXK2KV.js"
    },
    "chunk-JXZ6IXMO": {
      "file": "chunk-JXZ6IXMO.js"
    },
    "chunk-J46EEYGT": {
      "file": "chunk-J46EEYGT.js"
    },
    "chunk-4YCCEXQQ": {
      "file": "chunk-4YCCEXQQ.js"
    },
    "chunk-U7EDC2PH": {
      "file": "chunk-U7EDC2PH.js"
    }
  }
}