{
  "hash": "4a159c11",
  "configHash": "8a86f5ee",
  "lockfileHash": "d9d2e57a",
  "browserHash": "f43aaac9",
  "optimized": {
    "@angular/cdk/bidi": {
      "src": "../../../../../../node_modules/@angular/cdk/fesm2022/bidi.mjs",
      "file": "@angular_cdk_bidi.js",
      "fileHash": "29e38e8f",
      "needsInterop": false
    },
    "@angular/cdk/scrolling": {
      "src": "../../../../../../node_modules/@angular/cdk/fesm2022/scrolling.mjs",
      "file": "@angular_cdk_scrolling.js",
      "fileHash": "c7f9d18c",
      "needsInterop": false
    },
    "@angular/cdk/text-field": {
      "src": "../../../../../../node_modules/@angular/cdk/fesm2022/text-field.mjs",
      "file": "@angular_cdk_text-field.js",
      "fileHash": "1ab02711",
      "needsInterop": false
    },
    "@angular/common": {
      "src": "../../../../../../node_modules/@angular/common/fesm2022/common.mjs",
      "file": "@angular_common.js",
      "fileHash": "8495e101",
      "needsInterop": false
    },
    "@angular/common/http": {
      "src": "../../../../../../node_modules/@angular/common/fesm2022/http.mjs",
      "file": "@angular_common_http.js",
      "fileHash": "a9871f88",
      "needsInterop": false
    },
    "@angular/core": {
      "src": "../../../../../../node_modules/@angular/core/fesm2022/core.mjs",
      "file": "@angular_core.js",
      "fileHash": "ff1d24f1",
      "needsInterop": false
    },
    "@angular/forms": {
      "src": "../../../../../../node_modules/@angular/forms/fesm2022/forms.mjs",
      "file": "@angular_forms.js",
      "fileHash": "f177469b",
      "needsInterop": false
    },
    "@angular/material/button": {
      "src": "../../../../../../node_modules/@angular/material/fesm2022/button.mjs",
      "file": "@angular_material_button.js",
      "fileHash": "4c1e1e1e",
      "needsInterop": false
    },
    "@angular/material/card": {
      "src": "../../../../../../node_modules/@angular/material/fesm2022/card.mjs",
      "file": "@angular_material_card.js",
      "fileHash": "07fbad77",
      "needsInterop": false
    },
    "@angular/material/core": {
      "src": "../../../../../../node_modules/@angular/material/fesm2022/core.mjs",
      "file": "@angular_material_core.js",
      "fileHash": "e7e7524c",
      "needsInterop": false
    },
    "@angular/material/dialog": {
      "src": "../../../../../../node_modules/@angular/material/fesm2022/dialog.mjs",
      "file": "@angular_material_dialog.js",
      "fileHash": "3a29c95e",
      "needsInterop": false
    },
    "@angular/material/form-field": {
      "src": "../../../../../../node_modules/@angular/material/fesm2022/form-field.mjs",
      "file": "@angular_material_form-field.js",
      "fileHash": "2ad805b3",
      "needsInterop": false
    },
    "@angular/material/icon": {
      "src": "../../../../../../node_modules/@angular/material/fesm2022/icon.mjs",
      "file": "@angular_material_icon.js",
      "fileHash": "abec42f2",
      "needsInterop": false
    },
    "@angular/material/input": {
      "src": "../../../../../../node_modules/@angular/material/fesm2022/input.mjs",
      "file": "@angular_material_input.js",
      "fileHash": "37ab239b",
      "needsInterop": false
    },
    "@angular/material/list": {
      "src": "../../../../../../node_modules/@angular/material/fesm2022/list.mjs",
      "file": "@angular_material_list.js",
      "fileHash": "c08d485b",
      "needsInterop": false
    },
    "@angular/material/progress-bar": {
      "src": "../../../../../../node_modules/@angular/material/fesm2022/progress-bar.mjs",
      "file": "@angular_material_progress-bar.js",
      "fileHash": "d299d48f",
      "needsInterop": false
    },
    "@angular/material/progress-spinner": {
      "src": "../../../../../../node_modules/@angular/material/fesm2022/progress-spinner.mjs",
      "file": "@angular_material_progress-spinner.js",
      "fileHash": "91a95cfe",
      "needsInterop": false
    },
    "@angular/material/select": {
      "src": "../../../../../../node_modules/@angular/material/fesm2022/select.mjs",
      "file": "@angular_material_select.js",
      "fileHash": "66cc9cca",
      "needsInterop": false
    },
    "@angular/material/sidenav": {
      "src": "../../../../../../node_modules/@angular/material/fesm2022/sidenav.mjs",
      "file": "@angular_material_sidenav.js",
      "fileHash": "f5be1bed",
      "needsInterop": false
    },
    "@angular/material/snack-bar": {
      "src": "../../../../../../node_modules/@angular/material/fesm2022/snack-bar.mjs",
      "file": "@angular_material_snack-bar.js",
      "fileHash": "862a9e1b",
      "needsInterop": false
    },
    "@angular/material/table": {
      "src": "../../../../../../node_modules/@angular/material/fesm2022/table.mjs",
      "file": "@angular_material_table.js",
      "fileHash": "78aa6f82",
      "needsInterop": false
    },
    "@angular/material/toolbar": {
      "src": "../../../../../../node_modules/@angular/material/fesm2022/toolbar.mjs",
      "file": "@angular_material_toolbar.js",
      "fileHash": "b6697a83",
      "needsInterop": false
    },
    "@angular/material/tooltip": {
      "src": "../../../../../../node_modules/@angular/material/fesm2022/tooltip.mjs",
      "file": "@angular_material_tooltip.js",
      "fileHash": "7a255076",
      "needsInterop": false
    },
    "@angular/platform-browser": {
      "src": "../../../../../../node_modules/@angular/platform-browser/fesm2022/platform-browser.mjs",
      "file": "@angular_platform-browser.js",
      "fileHash": "15f3d9bd",
      "needsInterop": false
    },
    "@angular/platform-browser/animations": {
      "src": "../../../../../../node_modules/@angular/platform-browser/fesm2022/animations.mjs",
      "file": "@angular_platform-browser_animations.js",
      "fileHash": "04ef3e59",
      "needsInterop": false
    },
    "@angular/router": {
      "src": "../../../../../../node_modules/@angular/router/fesm2022/router.mjs",
      "file": "@angular_router.js",
      "fileHash": "6e84434a",
      "needsInterop": false
    },
    "rxjs": {
      "src": "../../../../../../node_modules/rxjs/dist/esm5/index.js",
      "file": "rxjs.js",
      "fileHash": "cf5341a4",
      "needsInterop": false
    },
    "rxjs/operators": {
      "src": "../../../../../../node_modules/rxjs/dist/esm5/operators/index.js",
      "file": "rxjs_operators.js",
      "fileHash": "9a1ca0dd",
      "needsInterop": false
    }
  },
  "chunks": {
    "chunk-I3TNG4JN": {
      "file": "chunk-I3TNG4JN.js"
    },
    "chunk-RA4WXW5Z": {
      "file": "chunk-RA4WXW5Z.js"
    },
    "chunk-IVHWB7BD": {
      "file": "chunk-IVHWB7BD.js"
    },
    "chunk-D4WCJIL3": {
      "file": "chunk-D4WCJIL3.js"
    },
    "chunk-Z7MH7X3L": {
      "file": "chunk-Z7MH7X3L.js"
    },
    "chunk-ZITT4TF7": {
      "file": "chunk-ZITT4TF7.js"
    },
    "chunk-2VDWDIKY": {
      "file": "chunk-2VDWDIKY.js"
    },
    "chunk-DSTEAIBT": {
      "file": "chunk-DSTEAIBT.js"
    },
    "chunk-TSKZLVW2": {
      "file": "chunk-TSKZLVW2.js"
    },
    "chunk-TGRN6OED": {
      "file": "chunk-TGRN6OED.js"
    },
    "chunk-GA4FFLKH": {
      "file": "chunk-GA4FFLKH.js"
    },
    "chunk-NN2SBFCJ": {
      "file": "chunk-NN2SBFCJ.js"
    },
    "chunk-WJF5463P": {
      "file": "chunk-WJF5463P.js"
    },
    "chunk-SFL3GZSX": {
      "file": "chunk-SFL3GZSX.js"
    },
    "chunk-HISX73SA": {
      "file": "chunk-HISX73SA.js"
    },
    "chunk-65FFAAQQ": {
      "file": "chunk-65FFAAQQ.js"
    },
    "chunk-DLTD45US": {
      "file": "chunk-DLTD45US.js"
    },
    "chunk-VENV3F3G": {
      "file": "chunk-VENV3F3G.js"
    },
    "chunk-46HAYV32": {
      "file": "chunk-46HAYV32.js"
    },
    "chunk-4VEK3YQF": {
      "file": "chunk-4VEK3YQF.js"
    },
    "chunk-5EG33CFQ": {
      "file": "chunk-5EG33CFQ.js"
    },
    "chunk-T4R3S6MB": {
      "file": "chunk-T4R3S6MB.js"
    },
    "chunk-QCUM73UZ": {
      "file": "chunk-QCUM73UZ.js"
    },
    "chunk-GJY2IV3Z": {
      "file": "chunk-GJY2IV3Z.js"
    },
    "chunk-WYHAYJBG": {
      "file": "chunk-WYHAYJBG.js"
    },
    "chunk-UZXCIBZ7": {
      "file": "chunk-UZXCIBZ7.js"
    },
    "chunk-YLHXK2KV": {
      "file": "chunk-YLHXK2KV.js"
    },
    "chunk-JXZ6IXMO": {
      "file": "chunk-JXZ6IXMO.js"
    },
    "chunk-J46EEYGT": {
      "file": "chunk-J46EEYGT.js"
    },
    "chunk-4YCCEXQQ": {
      "file": "chunk-4YCCEXQQ.js"
    },
    "chunk-U7EDC2PH": {
      "file": "chunk-U7EDC2PH.js"
    }
  }
}